{"cameraMode":{"drawMode":0,"name":"Shaded","section":"Shading Mode"},"sceneLighting":true,"audioPlay":false,"sceneViewState":{"showFog":true,"showMaterialUpdate":false,"showSkybox":true,"showFlares":true,"showImageEffects":true,"showParticleSystems":true},"in2DMode":false,"pivot":{"x":0.2201339602470398,"y":0.027981970459222795,"z":0.08940790593624115},"rotation":{"x":0.5336834192276001,"y":0.34434664249420168,"z":-0.25144916772842409,"w":0.7303292751312256},"size":0.22626951336860658,"orthographic":true}