{"cameraMode":{"drawMode":0,"name":"Shaded","section":"Shading Mode"},"sceneLighting":true,"audioPlay":false,"sceneViewState":{"showFog":true,"showMaterialUpdate":false,"showSkybox":true,"showFlares":true,"showImageEffects":true,"showParticleSystems":true},"in2DMode":false,"pivot":{"x":0.071563720703125,"y":0.008544921875,"z":-0.0592041015625},"rotation":{"x":0.1018623411655426,"y":0.2155929058790207,"z":-0.022470755502581598,"w":0.9708958864212036},"size":0.2925950884819031,"orthographic":true}